"Year","State","Main_Crop","Temperature_C","Rainfall_mm","Humidity_%","Yield_ton_per_hectare"
"2015","Andhra Pradesh","Rice","38.028848035693","1441.6679899872","87.820604675846","4.4546784205981"
"2015","Andhra Pradesh","Maize","25.560926923342","1494.0913875406","86.855263900994","6.4091159690807"
"2015","Andhra Pradesh","Cotton","15.719573182951","698.08321824135","84.76094214929","8.4848198832635"
"2016","Andhra Pradesh","Rice","32.026680185972","823.71242452821","46.479180124083","5.2409283262989"
"2016","Andhra Pradesh","Maize","27.240630487583","1137.2521691567","54.619945768351","4.1439118181552"
"2016","Andhra Pradesh","Cotton","39.705308327173","537.98736105403","74.499244984234","4.7444074343597"
"2017","Andhra Pradesh","Rice","18.479466397526","756.57862389421","38.021964686104","6.2232887016747"
"2017","Andhra Pradesh","Maize","25.099153226537","509.3393848835","36.236478599004","9.2302396701888"
"2017","Andhra Pradesh","Cotton","36.675145797578","1337.5868018439","75.198363519053","6.2582009572701"
"2018","Andhra Pradesh","Rice","38.493928319622","1419.4170331768","46.590187496452","2.5658016602067"
"2018","Andhra Pradesh","Maize","19.183982119018","708.32780715005","51.518999694945","2.0299336494959"
"2018","Andhra Pradesh","Cotton","17.013139289805","995.86942773996","61.547504399886","8.8770107484475"
"2019","Andhra Pradesh","Rice","26.423024363641","1437.7978560889","47.071130281791","8.6191095712862"
"2019","Andhra Pradesh","Maize","36.879218691504","1231.1258181244","46.989256711888","1.3835562330079"
"2019","Andhra Pradesh","Cotton","35.115917744937","1185.0413011553","66.982788903325","6.2534131593567"
"2020","Andhra Pradesh","Rice","16.37398032092","984.35887125087","65.440941469069","1.9989082482715"
"2020","Andhra Pradesh","Maize","21.375811060092","770.69549350649","88.970099124945","2.2145288160799"
"2020","Andhra Pradesh","Cotton","26.561222792365","691.19273232","35.120608591347","8.3628255987343"
"2021","Andhra Pradesh","Rice","23.232135820271","1396.8702639406","47.381138535599","7.5095723294748"
"2021","Andhra Pradesh","Maize","18.364592065735","1492.0089908298","52.364139108338","3.8311356445749"
"2021","Andhra Pradesh","Cotton","17.002775730483","698.13519297905","86.637936975345","7.6233422607783"
"2022","Andhra Pradesh","Rice","38.788814016376","544.22643082428","34.336212081608","9.0711792943371"
"2022","Andhra Pradesh","Maize","23.577205387571","647.64565994199","36.836700670564","1.0225020324748"
"2022","Andhra Pradesh","Cotton","36.28718559794","510.86007628483","55.744972419645","6.1245775640272"
"2023","Andhra Pradesh","Rice","28.14776716621","1144.5832563184","65.540384869645","1.8416763580564"
"2023","Andhra Pradesh","Maize","17.569813321482","1144.6174930626","69.478328843882","9.571832541346"
"2023","Andhra Pradesh","Cotton","33.463487273152","1357.923634459","39.39028759343","5.0878068527134"
"2024","Andhra Pradesh","Rice","38.953944856576","611.42080769593","64.8519412031","9.8243492447721"
"2024","Andhra Pradesh","Maize","29.479050303099","511.80981626666","30.147226666081","7.5036576031638"
"2024","Andhra Pradesh","Cotton","24.299496219116","1458.8748091938","63.370970104723","1.7767626449397"
"2015","Arunachal Pradesh","Maize","20.009636215644","571.36058238468","55.153701445457","4.4681724607282"
"2015","Arunachal Pradesh","Millet","24.647896466375","747.15231429699","87.453635195289","9.8589900749091"
"2016","Arunachal Pradesh","Maize","22.669539747866","857.2146169752","71.076849602795","6.658367580064"
"2016","Arunachal Pradesh","Millet","26.919308115762","1116.6545832167","53.763620436275","8.1157472093113"
"2017","Arunachal Pradesh","Maize","25.550911863637","510.64144757457","31.41707278307","6.6380094957357"
"2017","Arunachal Pradesh","Millet","22.981568974921","920.05669472716","41.379431081251","9.4360969861602"
"2018","Arunachal Pradesh","Maize","32.43356415404","510.44487267789","86.140429957516","7.7497808377714"
"2018","Arunachal Pradesh","Millet","19.091242101444","972.42773157806","58.237593270352","6.430416086758"
"2019","Arunachal Pradesh","Maize","36.538189082201","756.37399668516","36.947205021823","9.6865147561512"
"2019","Arunachal Pradesh","Millet","29.215049970153","1478.0289238786","80.12574034528","7.8091939051674"
"2020","Arunachal Pradesh","Maize","26.853733551653","1254.3606093601","38.102160261125","6.0978124760137"
"2020","Arunachal Pradesh","Millet","22.241604958087","920.76713366319","71.885228340825","9.6316144459637"
"2021","Arunachal Pradesh","Maize","17.388176563404","955.60804974077","73.842849051024","5.9004068976806"
"2021","Arunachal Pradesh","Millet","26.176647528401","1342.2598036036","53.735392170218","4.3921532594919"
"2022","Arunachal Pradesh","Maize","39.425303354348","1155.2956867238","37.617236252662","9.8897135501953"
"2022","Arunachal Pradesh","Millet","17.82285760059","1035.1151890848","69.692042481437","6.4060662257551"
"2023","Arunachal Pradesh","Maize","17.748070628782","743.47749048465","65.782041312792","2.3520186700075"
"2023","Arunachal Pradesh","Millet","34.215829103085","617.05556830293","84.529936338594","2.7701794893786"
"2024","Arunachal Pradesh","Maize","36.685894350433","1077.6143075295","60.343413752812","8.2267512921807"
"2024","Arunachal Pradesh","Millet","21.624721899062","507.31657971727","46.438183947671","6.8643502800462"
"2015","Assam","Tea","29.990749931099","681.67070954378","66.017047479301","6.7874726472713"
"2015","Assam","Rice","30.815286978071","518.24149683328","89.446311431934","3.4059009375208"
"2015","Assam","Jute","17.857649509891","1107.583783383","43.145378020667","9.7594812361161"
"2016","Assam","Tea","28.402242721789","1363.968730671","76.464651766552","5.6984588514335"
"2016","Assam","Rice","31.814680531237","1413.4384548667","46.073393826304","6.0447013344076"
"2016","Assam","Jute","24.877298526569","1450.0839117768","36.859961806193","7.841010752704"
"2017","Assam","Tea","27.641388982864","1238.9979270535","69.756248564881","4.4729914371179"
"2017","Assam","Rice","22.026050575056","1080.9917768981","86.155468032508","8.0391210811915"
"2017","Assam","Jute","35.240966390127","971.08153568115","58.358771981248","3.7391551458942"
"2018","Assam","Tea","17.681843720903","1243.5262935775","34.490732982632","5.5725383348986"
"2018","Assam","Rice","30.529611445325","1172.1199406455","50.07433572345","3.7822576858511"
"2018","Assam","Jute","19.031350217448","1472.8302833513","41.841543252397","8.5512715445113"
"2019","Assam","Tea","23.070951081338","969.57740879017","59.668246513646","6.2640426807443"
"2019","Assam","Rice","18.267682435198","1387.4881877925","33.422470082214","7.6674529144813"
"2019","Assam","Jute","34.263176759347","1036.332229079","40.919229293305","6.3965673522169"
"2020","Assam","Tea","25.568820416215","905.24226374813","52.741878923376","3.728882058623"
"2020","Assam","Rice","17.310583368586","512.08673692123","82.4260796399","9.4872246876935"
"2020","Assam","Jute","37.840306221416","1234.3218313982","88.056718656278","8.2960107647455"
"2021","Assam","Tea","16.655945851326","1450.1882281265","75.009295666224","4.3049732933098"
"2021","Assam","Rice","26.656283722892","984.71524122278","35.725071563233","2.5002755836948"
"2021","Assam","Jute","26.723187865652","651.74566049407","39.657607985859","4.5893257384199"
"2022","Assam","Tea","20.283333826709","778.00648324559","85.94298092391","2.1453449205662"
"2022","Assam","Rice","21.225981077183","1325.6834933501","32.767937119672","9.4566435996916"
"2022","Assam","Jute","27.929782385314","804.52566532037","58.422354827264","6.8125294697259"
"2023","Assam","Tea","18.732462314059","1029.9431552573","73.293452413284","2.1995634538661"
"2023","Assam","Rice","31.536171009235","1192.9678026577","76.450316191122","8.5390300244186"
"2023","Assam","Jute","15.292355549642","1388.7354487237","48.28418392135","1.4844925842939"
"2024","Assam","Tea","38.382969903181","1478.8946971589","78.265538832537","4.2762566016642"
"2024","Assam","Rice","24.14807878496","1405.3212853378","81.994045756779","8.2826847227539"
"2024","Assam","Jute","28.469606004635","625.74606592039","47.082356264922","6.4551616753019"
"2015","Bihar","Wheat","16.558710343523","1282.4960217834","81.746378471235","5.7977517928145"
"2015","Bihar","Maize","37.375905898858","505.50866009742","73.176037781109","4.0233929592394"
"2015","Bihar","Rice","27.852786022409","820.2447699481","37.588343593802","1.9807718777164"
"2016","Bihar","Wheat","32.863608196294","875.30160978277","88.888098804942","9.6318472945088"
"2016","Bihar","Maize","24.33511816288","1355.9890353681","67.770750096622","8.0755781813097"
"2016","Bihar","Rice","21.517187043316","713.02894485585","74.796397531929","2.6504206709426"
"2017","Bihar","Wheat","35.707943263091","1400.8265196113","34.363346569157","1.6355619054963"
"2017","Bihar","Maize","27.61182173807","1156.7080891012","57.752811359515","5.3100263166883"
"2017","Bihar","Rice","30.234885725645","1169.3816253636","48.754871445344","2.6472173244725"
"2018","Bihar","Wheat","36.898983941683","1155.3675871127","77.356015975752","9.1809395055479"
"2018","Bihar","Maize","26.165115800001","661.3702265692","57.322253687545","5.50210262584"
"2018","Bihar","Rice","28.782938680494","737.66650978277","62.636498840258","5.681787581718"
"2019","Bihar","Wheat","35.627732555024","757.44455736832","54.000668240062","5.9565538428444"
"2019","Bihar","Maize","20.512120183398","806.32525142892","55.71177175032","3.2885800217987"
"2019","Bihar","Rice","21.642850046449","1415.9148867688","34.247740611865","9.6116722706431"
"2020","Bihar","Wheat","21.624147384862","978.58253382402","37.043957000385","4.5149405699902"
"2020","Bihar","Maize","22.213612234315","1287.3981904286","67.940401201078","1.3436034208796"
"2020","Bihar","Rice","23.799406586138","517.64814104611","63.587204311674","7.8851970957967"
"2021","Bihar","Wheat","18.503276476326","1248.6860634595","46.437949423826","4.8638051681208"
"2021","Bihar","Maize","38.190417137106","733.59258947673","89.170060479837","7.9234391786187"
"2021","Bihar","Rice","29.541932462572","1233.2576428809","68.306823160564","2.2402759958478"
"2022","Bihar","Wheat","21.160020505205","781.02389588012","62.929301947224","7.4359770353952"
"2022","Bihar","Maize","26.595702339172","1493.2877710104","43.744657029596","6.1807784671864"
"2022","Bihar","Rice","25.431709791208","660.72343344854","34.65314671169","4.3700871691006"
"2023","Bihar","Wheat","39.100629787932","1082.3582209669","87.060261300293","1.5984082320803"
"2023","Bihar","Maize","32.479467952883","1496.4224199157","71.490088380808","8.9109137641519"
"2023","Bihar","Rice","39.373351389486","822.68124425106","61.630138836959","3.0061953965136"
"2024","Bihar","Wheat","22.404713972757","1178.770364798","60.190745524982","8.0284658012499"
"2024","Bihar","Maize","17.357193665499","651.57981493809","80.374883475692","4.3989769688811"
"2024","Bihar","Rice","31.453170555598","1039.2472403227","57.047354238359","9.474233925779"
"2015","Chhattisgarh","Rice","28.909425390457","1320.7702332686","41.545122772156","4.7112613147834"
"2015","Chhattisgarh","Sugarcane","29.451047360761","849.67963048819","80.324421761166","2.6195719201517"
"2015","Chhattisgarh","Maize","32.283230974692","1292.5942022639","63.356316673662","5.6634788465798"
"2016","Chhattisgarh","Rice","32.813235716954","1346.9983189293","62.565003471698","7.8002369804408"
"2016","Chhattisgarh","Sugarcane","31.716011150526","1039.5948646843","51.39376472986","5.0140917181106"
"2016","Chhattisgarh","Maize","34.986811844627","994.64685951521","84.762779257439","7.8060948842591"
"2017","Chhattisgarh","Rice","32.32909169958","610.59102875495","63.955071610627","6.3219200832681"
"2017","Chhattisgarh","Sugarcane","16.216389947512","796.76185667903","71.354577733108","2.1805263035835"
"2017","Chhattisgarh","Maize","27.081960731394","1215.8484198333","74.516033587311","2.0962345164305"
"2018","Chhattisgarh","Rice","35.299038647287","1097.0791190729","45.589752026718","5.4491621607106"
"2018","Chhattisgarh","Sugarcane","32.43616354995","1288.8590433581","78.9643922512","7.8983701401683"
"2018","Chhattisgarh","Maize","25.030375036254","1023.1144241963","34.577292590552","4.851211196894"
"2019","Chhattisgarh","Rice","19.662384368773","682.93054321541","41.854096541268","4.0070281831086"
"2019","Chhattisgarh","Sugarcane","17.667074815938","1435.8229628958","57.569670836637","1.2415496392511"
"2019","Chhattisgarh","Maize","39.531917215071","1249.5712288015","40.877504277168","4.1019992949026"
"2020","Chhattisgarh","Rice","23.2479990535","1287.3147428709","80.453935678221","1.8364287688519"
"2020","Chhattisgarh","Sugarcane","22.305843886715","1177.5299525812","75.734091825141","5.8814130241833"
"2020","Chhattisgarh","Maize","30.798357467405","1218.6183374125","72.313570058545","9.395783948185"
"2021","Chhattisgarh","Rice","38.450799905074","1089.7590228529","56.326730121861","6.0313445068995"
"2021","Chhattisgarh","Sugarcane","18.874653172153","1100.1457590468","43.915111690516","7.6668450122691"
"2021","Chhattisgarh","Maize","18.399294121874","1356.2332613643","64.989734289773","1.3411033321636"
"2022","Chhattisgarh","Rice","26.810383407182","1394.0788575354","36.563079354475","5.1383600217342"
"2022","Chhattisgarh","Sugarcane","29.270048624822","572.05342678733","52.1349002984","9.5948031771209"
"2022","Chhattisgarh","Maize","33.154513107957","585.87547451015","71.351798539275","2.4004496404771"
"2023","Chhattisgarh","Rice","24.580424845856","681.16363078166","66.629994856504","9.2133096751012"
"2023","Chhattisgarh","Sugarcane","37.988039336155","643.41627352382","34.426350321617","4.1283989138647"
"2023","Chhattisgarh","Maize","33.838912346988","657.58863692633","49.95361645841","4.9993316470943"
"2024","Chhattisgarh","Rice","30.274721662983","584.32090491795","39.431267178007","6.5988433709079"
"2024","Chhattisgarh","Sugarcane","27.770609025947","1421.78748803","32.959152169019","6.0140388846649"
"2024","Chhattisgarh","Maize","33.413686762849","614.38241927964","86.343189822025","8.1859319955338"
"2015","Goa","Coconut","30.699946448101","1176.5322827888","68.157729277237","2.6168966431346"
"2015","Goa","Cashew","20.614465680831","1397.7130460843","30.651258510025","7.8876329182742"
"2015","Goa","Rice","31.65620466574","1338.1281123765","57.262513035571","8.6553110805358"
"2016","Goa","Coconut","24.46708587096","1371.0591011908","66.84892558466","1.5238812076145"
"2016","Goa","Cashew","19.112524469582","1438.5451080914","56.383105183108","9.946109412803"
"2016","Goa","Rice","15.228372596924","697.63191234562","61.543444444757","9.1027544793405"
"2017","Goa","Coconut","16.515399698482","534.93746410772","84.602405145009","3.6063811667805"
"2017","Goa","Cashew","26.489922576575","742.05644606944","85.940446762714","7.4002130746806"
"2017","Goa","Rice","26.547507099399","1078.7282997219","54.523609033259","9.4041339375445"
"2018","Goa","Coconut","27.625647734164","1051.4598170475","48.849720319385","9.2385411132032"
"2018","Goa","Cashew","22.461774599478","1326.8298253152","34.323201493367","6.2798776331085"
"2018","Goa","Rice","23.09248276955","1166.842446744","61.60461110357","5.0471299676382"
"2019","Goa","Coconut","33.453624190299","586.2468247493","42.831250980171","2.6549803284658"
"2019","Goa","Cashew","37.923844667059","1006.7087374827","80.813980685314","9.0429832624437"
"2019","Goa","Rice","39.333202200621","600.40116787205","56.362828573904","4.3060385099868"
"2020","Goa","Coconut","32.593315194406","1098.0765762206","40.826289342373","3.6298995015312"
"2020","Goa","Cashew","22.759448966496","1073.4908476862","79.675782355581","7.1793890517738"
"2020","Goa","Rice","21.092968788503","993.95632801323","84.323434363632","2.034925909521"
"2021","Goa","Coconut","31.563004239294","1235.9462037444","36.715031855576","8.559873461799"
"2021","Goa","Cashew","36.496954947139","1220.2575260455","85.661318657557","2.7473205904508"
"2021","Goa","Rice","39.113042456535","1145.6252925186","73.937992157046","7.543698438136"
"2022","Goa","Coconut","28.640315427514","603.31628107481","40.584960267793","5.3894590592242"
"2022","Goa","Cashew","34.994170726637","1062.8317956995","62.56749071068","6.4141102975269"
"2022","Goa","Rice","21.216992870409","909.227237734","56.276340003773","4.8092797102574"
"2023","Goa","Coconut","24.241301466617","731.54133352239","32.372403979874","9.7258769708376"
"2023","Goa","Cashew","23.235388249407","1124.3092161404","81.869019328086","3.509149919838"
"2023","Goa","Rice","39.580453531768","1427.0098341326","85.825727677533","2.3214189064683"
"2024","Goa","Coconut","16.672384280513","973.97786107065","60.428501622904","2.4624644033746"
"2024","Goa","Cashew","36.51508761595","617.3825894638","89.205189718645","4.1444970266022"
"2024","Goa","Rice","35.876648228985","738.10062234017","87.465390538403","8.781957786811"
"2015","Gujarat","Cotton","38.194432636476","1315.9973539464","68.526346798958","7.2249899685042"
"2015","Gujarat","Groundnut","18.349939793741","786.73317698507","67.654388219135","6.446689924904"
"2015","Gujarat","Wheat","37.313145255813","1478.490322501","74.407303465293","8.4456954795452"
"2016","Gujarat","Cotton","26.614109180645","736.86406587528","79.434649290368","7.4206628460613"
"2016","Gujarat","Groundnut","35.263860015765","534.77391475277","77.488112431759","5.8476829580258"
"2016","Gujarat","Wheat","35.624757002165","1012.4864449079","36.155218388822","4.9392552127023"
"2017","Gujarat","Cotton","25.210182985056","1184.2147827502","72.342685390297","1.4896491286574"
"2017","Gujarat","Groundnut","17.190233369001","997.34139366016","76.524195021446","3.9997007542274"
"2017","Gujarat","Wheat","25.35479555097","710.14341869577","67.75994725092","7.8834856843015"
"2018","Gujarat","Cotton","38.090463312902","889.77999363423","53.768480919044","1.2441507126482"
"2018","Gujarat","Groundnut","34.186976310123","559.43368597236","78.802183867865","4.6037778624685"
"2018","Gujarat","Wheat","30.072757234438","1071.3373331939","65.445314889693","1.7265526862438"
"2019","Gujarat","Cotton","36.090039731927","886.09544607598","75.848213630293","2.3203340363913"
"2019","Gujarat","Groundnut","17.838797246695","727.82224916676","45.8439546413","6.2884791503624"
"2019","Gujarat","Wheat","16.356257572542","663.51539011967","37.870103538678","8.969048446399"
"2020","Gujarat","Cotton","37.231865760722","806.67377649134","88.405565117881","5.1563652315569"
"2020","Gujarat","Groundnut","19.841767041284","608.08511854521","73.414508798783","7.0740291344876"
"2020","Gujarat","Wheat","17.785395850481","606.19404714313","31.054304388514","2.6599923268218"
"2021","Gujarat","Cotton","33.454292549709","1042.8258595067","62.743684772901","7.3708982865981"
"2021","Gujarat","Groundnut","35.771306978166","1134.6702972731","75.54600099494","6.1998101780528"
"2021","Gujarat","Wheat","19.031916483839","740.53946326614","59.676584289061","7.5939487495956"
"2022","Gujarat","Cotton","39.99997108145","1149.0587528081","48.256903087509","1.2900230133117"
"2022","Gujarat","Groundnut","35.478325129956","595.44387873264","81.420082615345","6.738489745856"
"2022","Gujarat","Wheat","17.19135067383","1478.1603066747","59.790707485288","8.3295384331943"
"2023","Gujarat","Cotton","18.87935144891","1142.5979159507","35.169497878284","8.2937693472593"
"2023","Gujarat","Groundnut","39.624844073956","1180.4143812202","58.991020178347","5.5792900214369"
"2023","Gujarat","Wheat","35.604288401774","1423.0374287942","43.188147240831","5.074468214238"
"2024","Gujarat","Cotton","36.618704621411","1051.0042422121","87.145876715057","3.8310913088912"
"2024","Gujarat","Groundnut","20.844231888397","1214.3498780043","50.997113028936","6.0077559157695"
"2024","Gujarat","Wheat","33.624061695597","886.95340938272","38.915050730802","8.4364169739387"
"2015","Haryana","Wheat","34.492225590943","1348.1565847432","30.18966329207","5.2017573637446"
"2015","Haryana","Rice","31.35951722642","590.48772723432","56.930937378264","7.3269163946079"
"2015","Haryana","Sugarcane","20.842105643212","1238.4742636993","62.107033491088","7.7574352285928"
"2016","Haryana","Wheat","25.214096540645","907.40717419389","59.458926540787","8.0647015866777"
"2016","Haryana","Rice","27.907272045794","931.75515038144","59.489068509708","6.2025586289314"
"2016","Haryana","Sugarcane","31.539406031","523.37577123282","58.469499192291","8.2626785673476"
"2017","Haryana","Wheat","22.542410814444","1094.0901187862","58.092834481949","6.5634178180672"
"2017","Haryana","Rice","29.531846270308","1274.5083488972","46.057735279463","8.198565697235"
"2017","Haryana","Sugarcane","39.994126978436","1329.2729303049","56.179902146394","4.7346193656079"
"2018","Haryana","Wheat","19.696179083469","660.75687475937","48.658164075149","1.7284491795846"
"2018","Haryana","Rice","33.747893139524","776.82594777067","81.824745523414","1.6639648420767"
"2018","Haryana","Sugarcane","22.995320324541","1381.1144712757","52.38577254147","5.5707441063292"
"2019","Haryana","Wheat","25.791780291245","1218.8647943404","61.465159850201","2.4851036407298"
"2019","Haryana","Rice","31.506166372994","1117.635276732","87.007365118559","7.3662229130543"
"2019","Haryana","Sugarcane","16.996254209016","660.7452385757","65.99741974052","6.6798608034308"
"2020","Haryana","Wheat","33.709386129442","823.11403366025","61.889740916377","5.0074569064223"
"2020","Haryana","Rice","32.712603148261","992.12042763534","55.99362952869","3.8160595512524"
"2020","Haryana","Sugarcane","25.031817318088","622.71391113655","46.405160879708","8.4829779617805"
"2021","Haryana","Wheat","36.803982661157","611.71936707406","31.618311237741","6.8742892399943"
"2021","Haryana","Rice","25.224058749484","1005.8933947043","70.221091983811","4.6198805358956"
"2021","Haryana","Sugarcane","17.69091118622","655.37565684536","60.499193869042","1.4380419577114"
"2022","Haryana","Wheat","29.021520636865","677.34532145705","66.122734344484","2.2462068630146"
"2022","Haryana","Rice","35.618239916138","1469.8270309401","62.400889823099","7.623273776141"
"2022","Haryana","Sugarcane","18.755121200268","913.32968407053","50.435227209989","1.9175570959947"
"2023","Haryana","Wheat","20.236611943554","516.10898212999","41.700692230939","8.4616774113506"
"2023","Haryana","Rice","31.522652307739","696.29118484837","82.55452418451","6.5898803034894"
"2023","Haryana","Sugarcane","27.304988592792","1269.9009823779","47.680175817488","3.2595838042059"
"2024","Haryana","Wheat","29.627798877064","692.19314956923","69.832533298715","1.9863875325569"
"2024","Haryana","Rice","22.992256569201","1220.0529587484","70.419715769274","7.4423715217956"
"2024","Haryana","Sugarcane","34.760710782148","622.63892388889","86.136783735877","5.0821347921299"
"2015","Himachal Pradesh","Apple","34.012894772569","532.3390912547","76.313717814172","5.9551851319511"
"2015","Himachal Pradesh","Maize","36.419366502202","529.84746804652","85.613227161636","2.1319603468179"
"2015","Himachal Pradesh","Wheat","35.839146304637","670.45855157032","85.38853031337","9.6266424470613"
"2016","Himachal Pradesh","Apple","21.865754461713","1343.3972204328","35.08724929887","6.3558896226273"
"2016","Himachal Pradesh","Maize","31.764333865389","1304.1690799898","48.866295915906","6.4895915352114"
"2016","Himachal Pradesh","Wheat","37.545993911086","603.18376750937","48.043196905766","5.471533663231"
"2017","Himachal Pradesh","Apple","18.834128758065","793.76546888644","46.942168853547","9.7103095754308"
"2017","Himachal Pradesh","Maize","15.417909724376","1260.7815128447","31.097817555766","2.3765652318136"
"2017","Himachal Pradesh","Wheat","38.965675775486","1020.533137021","50.883107262213","1.4877829230709"
"2018","Himachal Pradesh","Apple","18.974442269924","1204.6060749397","30.983228177127","6.4003675389302"
"2018","Himachal Pradesh","Maize","20.412592717463","1166.3559896279","52.173493307732","6.8433139048632"
"2018","Himachal Pradesh","Wheat","27.41584057816","567.48526444142","77.76601063961","4.1270689610921"
"2019","Himachal Pradesh","Apple","15.332643291553","1176.0343989246","77.236261052514","5.094392131013"
"2019","Himachal Pradesh","Maize","21.963602809297","778.19116275464","32.044506029715","6.7652590486361"
"2019","Himachal Pradesh","Wheat","18.751338453342","1440.3858602969","85.138706710366","1.2150597488312"
"2020","Himachal Pradesh","Apple","21.095535930676","657.10323307458","51.319109442726","8.9014450089023"
"2020","Himachal Pradesh","Maize","17.546027836675","996.86137945124","65.107767617138","5.758674697458"
"2020","Himachal Pradesh","Wheat","38.169133338573","1209.9644052928","84.619960417082","4.0818420377399"
"2021","Himachal Pradesh","Apple","32.876180797401","1453.6715549674","32.685126849166","9.4564251336328"
"2021","Himachal Pradesh","Maize","38.799004577677","970.9866354889","89.537942365405","2.9624366084371"
"2021","Himachal Pradesh","Wheat","33.68778903663","624.80177553921","77.534469034171","5.1391717608683"
"2022","Himachal Pradesh","Apple","35.466901261217","1075.8737276021","74.742360202435","3.0498035625295"
"2022","Himachal Pradesh","Maize","26.79549363515","1482.9576897881","88.041282887921","8.1988162000585"
"2022","Himachal Pradesh","Wheat","29.622040450286","1131.7149276889","50.368033703936","4.2679383737697"
"2023","Himachal Pradesh","Apple","27.829863062334","1037.149619953","40.23439061961","4.7460660614184"
"2023","Himachal Pradesh","Maize","22.08844857368","1137.6163113665","74.401895438557","1.9650585600668"
"2023","Himachal Pradesh","Wheat","26.990115710209","1036.2505182639","60.192801080771","4.739555320903"
"2024","Himachal Pradesh","Apple","15.287501156708","1467.0170445212","34.528719782848","1.4191418935626"
"2024","Himachal Pradesh","Maize","28.453867158087","989.98912644743","45.193676966821","7.2219814505044"
"2024","Himachal Pradesh","Wheat","16.701082147387","1369.9209436778","78.177497407354","3.3807692428336"
"2015","Jharkhand","Rice","27.170538998231","951.48979899079","77.718452740307","4.5535655887731"
"2015","Jharkhand","Wheat","26.935595849244","1050.9613514137","59.875648995315","2.5299819874267"
"2015","Jharkhand","Pulses","20.533561711297","672.75212197791","83.34920835027","2.2052274615383"
"2016","Jharkhand","Rice","15.182644322991","533.37525176545","31.729972025976","3.6183839661919"
"2016","Jharkhand","Wheat","31.749499860175","768.22186350172","48.870412720678","7.3265655906123"
"2016","Jharkhand","Pulses","29.629236782293","1028.3036964656","51.770681049952","5.7264995122464"
"2017","Jharkhand","Rice","25.169472088022","1459.9575099201","83.827184165001","2.0582192598161"
"2017","Jharkhand","Wheat","24.677011485363","1035.0542850237","77.580307636057","8.4634940493736"
"2017","Jharkhand","Pulses","15.328491419921","1247.5728431646","77.455214328377","7.2762761539643"
"2018","Jharkhand","Rice","22.028772516874","562.6532230537","71.63097930724","9.0517387146631"
"2018","Jharkhand","Wheat","28.237622022419","563.47212519867","30.30023196718","4.2739665449764"
"2018","Jharkhand","Pulses","32.201003550619","583.34466304266","65.939867964975","5.1293122216884"
"2019","Jharkhand","Rice","30.52927865717","595.55094278941","46.405953059954","3.935631288425"
"2019","Jharkhand","Wheat","25.494200372594","1342.4952132203","35.762911752352","1.6294237043772"
"2019","Jharkhand","Pulses","19.777272342099","1425.6383708525","71.482622047029","2.3357343659213"
"2020","Jharkhand","Rice","29.478019065916","654.91465642679","56.548255796034","4.5060378216883"
"2020","Jharkhand","Wheat","22.331900143839","649.02198702821","69.1573462272","4.4414052259879"
"2020","Jharkhand","Pulses","21.946404910592","838.46346521319","45.575972126632","6.8220499103415"
"2021","Jharkhand","Rice","30.464821312081","769.47649126896","41.325722057584","5.7476078424969"
"2021","Jharkhand","Wheat","32.701085274206","604.60392022883","61.190486784296","1.5854650097933"
"2021","Jharkhand","Pulses","29.68742609974","602.82338645492","85.511407438961","8.3553362834668"
"2022","Jharkhand","Rice","18.6092689691","887.35203173199","75.281924946454","1.3425897721862"
"2022","Jharkhand","Wheat","28.819093314588","853.63080731287","60.409727368959","4.0028381866496"
"2022","Jharkhand","Pulses","34.230619490786","1192.609897874","51.399778957129","4.7199681155491"
"2023","Jharkhand","Rice","21.735058373301","873.61472645896","39.129180145748","4.6850887242707"
"2023","Jharkhand","Wheat","21.163451461164","670.13112136617","89.754756965333","6.2377359831257"
"2023","Jharkhand","Pulses","33.373857616117","1395.9477246794","89.123975363155","6.5056440786963"
"2024","Jharkhand","Rice","18.73596369888","895.34193933663","43.156429184632","2.6814213809734"
"2024","Jharkhand","Wheat","27.843283746072","1252.3647792909","83.976826219652","9.612454711658"
"2024","Jharkhand","Pulses","36.722306711136","506.26642768988","67.755324868147","2.1932940300755"
"2015","Karnataka","Sugarcane","16.928583769098","1216.681390628","39.107945012457","6.4207650566026"
"2015","Karnataka","Rice","22.781836024813","1233.9112427449","71.537228216297","2.6624375262494"
"2015","Karnataka","Ragi","33.43969898592","1230.7647022659","62.855347487253","2.960937156821"
"2016","Karnataka","Sugarcane","16.83322235234","789.38811543685","81.08660979772","9.1052634470399"
"2016","Karnataka","Rice","29.841559546101","1319.4646662885","85.567145986425","5.4524008567908"
"2016","Karnataka","Ragi","23.06114477374","976.78088962493","53.234417888128","1.2101636856934"
"2017","Karnataka","Sugarcane","32.927016232927","885.3219764895","87.556132675634","5.6398354316441"
"2017","Karnataka","Rice","29.630590911266","1371.9698267335","69.138732361101","8.5066913357218"
"2017","Karnataka","Ragi","36.567519252161","1216.5038854146","50.492341957829","3.1229761584401"
"2018","Karnataka","Sugarcane","30.157769073717","570.78283466675","79.353036006338","6.9467192425027"
"2018","Karnataka","Rice","19.463610726894","562.7699050669","49.458249773315","5.0919735655198"
"2018","Karnataka","Ragi","35.544784338205","693.25451383356","89.171401869673","6.5038925009968"
"2019","Karnataka","Sugarcane","31.796753227864","559.60839588527","41.96067501993","6.0499953133532"
"2019","Karnataka","Rice","19.656505823234","729.16555274997","45.237616320147","7.9967412140568"
"2019","Karnataka","Ragi","16.909814832595","899.57272130549","83.690799868911","8.4135911199341"
"2020","Karnataka","Sugarcane","24.573127136105","1246.8884586211","34.939000016","5.068016722186"
"2020","Karnataka","Rice","34.388158569673","815.3263068986","63.286373389999","5.2522075710892"
"2020","Karnataka","Ragi","19.421523404724","602.49808870605","79.291966625693","2.4588704132984"
"2021","Karnataka","Sugarcane","32.238600212473","1492.5348278276","58.149717024766","9.9850412060604"
"2021","Karnataka","Rice","24.343474362358","688.49439117533","54.400204666294","2.9249299864595"
"2021","Karnataka","Ragi","37.313492333617","695.08747542174","45.676640702699","4.8646111676034"
"2022","Karnataka","Sugarcane","21.268359643836","901.46565305145","84.963346112402","3.5268686663922"
"2022","Karnataka","Rice","38.762061994585","760.89536084179","58.778188111241","6.8243663389452"
"2022","Karnataka","Ragi","16.700864597339","594.6016199365","69.896564602198","9.3217601614605"
"2023","Karnataka","Sugarcane","16.964652685765","802.96528617894","52.813385498963","9.9313650366364"
"2023","Karnataka","Rice","38.020245872445","658.53278889741","46.819884433395","1.7322934919308"
"2023","Karnataka","Ragi","31.579373267268","1331.1574401205","72.346943786201","7.2432825386881"
"2024","Karnataka","Sugarcane","24.316022015671","1194.1794394918","68.939098989217","1.6564502671216"
"2024","Karnataka","Rice","16.816782483565","669.31395531976","62.353839250286","2.4883237824844"
"2024","Karnataka","Ragi","38.749289312768","1134.9662807054","82.013667844867","1.7509696666406"
"2015","Kerala","Rubber","22.640312009929","1206.1957260045","60.427293475701","3.537265983476"
"2015","Kerala","Coconut","17.815287828901","756.97966259355","69.886979289208","4.4042943388897"
"2015","Kerala","Rice","15.812318165412","1376.5943491973","80.653694688341","5.16453522752"
"2016","Kerala","Rubber","20.989665149123","738.17883739028","65.355470981182","1.7990523199061"
"2016","Kerala","Coconut","26.269801902379","1312.6650051345","69.598742200768","1.1650348838991"
"2016","Kerala","Rice","23.726229451199","1203.9375965788","50.278711219099","5.9600288765004"
"2017","Kerala","Rubber","17.952522808564","705.44483685409","38.776423344501","3.7302992639984"
"2017","Kerala","Coconut","38.594963908882","1287.3405639126","68.339855964127","4.4529189822745"
"2017","Kerala","Rice","39.77977731824","1099.8018919525","75.16536794628","6.4647000040367"
"2018","Kerala","Rubber","29.086232448331","962.81570034614","84.407045589395","2.8864793494354"
"2018","Kerala","Coconut","29.796598792046","788.4074801187","82.232217131764","3.0632665747136"
"2018","Kerala","Rice","33.850475803996","709.94822170091","70.154132809024","9.7205408846107"
"2019","Kerala","Rubber","16.087677309191","978.09575169432","36.894223957901","8.7898154244076"
"2019","Kerala","Coconut","37.138053114832","712.85809761289","37.599435143424","5.0338102159256"
"2019","Kerala","Rice","30.542328133058","1165.9104491004","42.55413398578","7.5184308065107"
"2020","Kerala","Rubber","28.706450616287","825.79847672911","56.751486052701","5.8454817693292"
"2020","Kerala","Coconut","18.648785988596","882.66054913473","76.726127019038","5.8193079390387"
"2020","Kerala","Rice","27.699232188463","1220.6763197606","67.357686098209","9.5634364478565"
"2021","Kerala","Rubber","33.879126756226","822.06120313085","48.668223602692","6.6461536057316"
"2021","Kerala","Coconut","15.80153488808","964.18569027794","35.521710958585","9.0520473796896"
"2021","Kerala","Rice","19.59150343486","1227.8159898986","87.986909141356","2.0394351621024"
"2022","Kerala","Rubber","24.304223481438","1490.6737908028","82.181746428809","6.9599422317526"
"2022","Kerala","Coconut","30.215316858031","1227.6752815772","87.425933407026","8.0668235664814"
"2022","Kerala","Rice","21.216623716546","1267.433234292","83.754992915045","2.9504809786752"
"2023","Kerala","Rubber","15.893025067244","548.01155458782","53.808872549505","8.6724553261586"
"2023","Kerala","Coconut","28.300046429978","764.34924287101","30.869921653314","4.8478661530122"
"2023","Kerala","Rice","29.250456464187","1227.4475114844","85.546023005947","6.2867106517989"
"2024","Kerala","Rubber","27.649182174879","599.670818566","56.610817108745","9.66901851896"
"2024","Kerala","Coconut","37.518389457426","1050.4519851316","69.490739598635","6.7350057932541"
"2024","Kerala","Rice","37.141597776201","1043.8975620786","34.990778575397","4.4711607733761"
"2015","Madhya Pradesh","Wheat","21.479487448523","978.28349294717","69.889759270559","3.1431602606714"
"2015","Madhya Pradesh","Soybean","34.395376084829","1185.609600364","84.878876826844","1.9000096637231"
"2015","Madhya Pradesh","Pulses","21.96297922262","1103.2582581304","68.333765491395","8.0505115325153"
"2016","Madhya Pradesh","Wheat","26.03964673599","1121.430573164","85.208011498674","1.542868660894"
"2016","Madhya Pradesh","Soybean","36.884928970534","634.0842182906","45.710203762316","9.3234648833826"
"2016","Madhya Pradesh","Pulses","32.257064862875","1256.8252515124","87.087644320122","2.1741829291626"
"2017","Madhya Pradesh","Wheat","20.1008188219","1448.6726864253","54.809724220104","1.4879739770636"
"2017","Madhya Pradesh","Soybean","31.435445579243","537.7377151422","58.511599987877","1.6660717157128"
"2017","Madhya Pradesh","Pulses","31.176094731652","569.44082585192","40.814374204442","9.350106073203"
"2018","Madhya Pradesh","Wheat","16.215099167757","863.51661396814","55.442905322958","6.2025866794336"
"2018","Madhya Pradesh","Soybean","28.703261633106","1058.1975898617","51.522634062428","9.0099958206029"
"2018","Madhya Pradesh","Pulses","25.085328630636","614.60497366658","49.694284933147","1.7928719873571"
"2019","Madhya Pradesh","Wheat","18.211783467437","1099.0930325385","52.447673133128","7.8824517477901"
"2019","Madhya Pradesh","Soybean","20.346179486048","1252.6901498727","62.189091509922","9.531476640635"
"2019","Madhya Pradesh","Pulses","36.154768757436","1089.7130488182","35.784131629201","4.0057135254451"
"2020","Madhya Pradesh","Wheat","25.151826683138","1362.6845680213","60.358021637193","9.6680393068699"
"2020","Madhya Pradesh","Soybean","29.141304797688","1150.5080980415","80.218503770704","1.888261187122"
"2020","Madhya Pradesh","Pulses","31.889217964254","1125.9876583746","35.172003494782","1.8788375424018"
"2021","Madhya Pradesh","Wheat","15.082398352107","605.64962431263","60.018488713856","8.851331523134"
"2021","Madhya Pradesh","Soybean","21.323912658785","605.73791408689","46.630372822245","9.1674243454881"
"2021","Madhya Pradesh","Pulses","33.253176548885","835.66635083727","41.911476869388","8.6814974548392"
"2022","Madhya Pradesh","Wheat","32.094183005499","1109.4917364479","32.832466807419","7.6542265558824"
"2022","Madhya Pradesh","Soybean","33.892861554106","562.21250696267","39.217837296131","1.251454655807"
"2022","Madhya Pradesh","Pulses","23.978287105044","680.92665397267","43.055524812884","6.3848411547324"
"2023","Madhya Pradesh","Wheat","20.998312418531","1254.9403803594","55.355391063151","2.9482077683147"
"2023","Madhya Pradesh","Soybean","19.01139777593","1248.8180882534","40.086953913913","6.097252231937"
"2023","Madhya Pradesh","Pulses","20.30745910321","1275.6883007621","65.290968448737","6.4038717089008"
"2024","Madhya Pradesh","Wheat","30.481301639615","931.78755248461","41.218589693282","7.4611176802234"
"2024","Madhya Pradesh","Soybean","24.774789852844","963.85644985033","75.471397934184","2.4551192621932"
"2024","Madhya Pradesh","Pulses","33.072420754218","1018.6461488223","68.814038848121","3.2324952159372"
"2015","Maharashtra","Sugarcane","39.23910498031","1455.5819320494","54.372970451387","5.4783735733449"
"2015","Maharashtra","Cotton","21.168542896858","1405.2509865354","44.624358130922","4.9986631334632"
"2015","Maharashtra","Jowar","15.777885735838","1328.1895743523","36.698465734617","5.2933445881644"
"2016","Maharashtra","Sugarcane","36.038170369522","1345.9649574864","85.577980958901","5.7997610925454"
"2016","Maharashtra","Cotton","25.617493705477","931.11796586266","42.775529283053","7.3326348714261"
"2016","Maharashtra","Jowar","32.453776406134","663.4376976385","82.010773902759","2.2196227405466"
"2017","Maharashtra","Sugarcane","36.306322346733","543.56096000576","67.341510394179","4.7434759830954"
"2017","Maharashtra","Cotton","25.838715865397","589.71687248093","77.383714108941","5.384628359662"
"2017","Maharashtra","Jowar","15.042581616579","828.09760124895","79.321099566103","5.1824729112828"
"2018","Maharashtra","Sugarcane","22.909410806794","1309.6247998061","47.130065237135","1.1503477207529"
"2018","Maharashtra","Cotton","35.228072201761","532.06820722324","48.527506584831","7.1981626960797"
"2018","Maharashtra","Jowar","25.241466229757","629.79243284477","52.590892124614","9.0358965437005"
"2019","Maharashtra","Sugarcane","17.501704317127","705.22469464979","83.288729475824","7.4144848645584"
"2019","Maharashtra","Cotton","25.211078479173","638.07688528744","78.778238527832","2.1902014305837"
"2019","Maharashtra","Jowar","24.966999354534","1392.0550372108","75.167714417906","6.5137770482462"
"2020","Maharashtra","Sugarcane","39.311889702361","1396.2932153492","74.417315674723","9.4881929658431"
"2020","Maharashtra","Cotton","24.103241871746","1184.8837025237","77.648475239272","8.2804255618288"
"2020","Maharashtra","Jowar","34.769882394683","511.91102891343","72.364559806499","1.5843238619706"
"2021","Maharashtra","Sugarcane","27.00077431726","541.2054071091","42.376817781666","9.8905702156719"
"2021","Maharashtra","Cotton","19.615644536736","667.74414037358","41.552939967347","6.5848019802853"
"2021","Maharashtra","Jowar","36.642897958979","1474.1176683178","62.880787658805","6.6704734360763"
"2022","Maharashtra","Sugarcane","23.612658452322","1439.3053984625","61.365446100392","3.4393636197228"
"2022","Maharashtra","Cotton","17.110747688919","1478.6340980836","68.179846329158","4.7056662879866"
"2022","Maharashtra","Jowar","33.274124954727","1130.6186097695","35.571242923115","2.9187863856736"
"2023","Maharashtra","Sugarcane","25.025773176097","775.92790634049","66.151411024696","1.6555524374167"
"2023","Maharashtra","Cotton","23.764612515061","756.21563453363","44.75003337241","8.9853388118149"
"2023","Maharashtra","Jowar","25.858721054184","888.6915652078","68.947569241284","2.2113323383696"
"2024","Maharashtra","Sugarcane","21.986165637932","1259.0558423805","31.136887770402","3.1441379922254"
"2024","Maharashtra","Cotton","20.623593632199","1398.9707757148","54.028655394474","7.9086206709243"
"2024","Maharashtra","Jowar","24.015089540934","1029.3413458387","30.934872271098","6.1159218389709"
"2015","Manipur","Rice","16.916928706311","529.94919722272","89.096334100773","8.8400839395181"
"2015","Manipur","Maize","15.38230230633","727.54690547797","48.614431236048","3.0865725860579"
"2015","Manipur","Pulses","16.212245968643","1413.7933816376","39.79005552215","6.8299277152051"
"2016","Manipur","Rice","27.045230300832","1094.6099145083","49.763769005701","2.9063502458974"
"2016","Manipur","Maize","35.364551962649","1138.467162932","46.236126492077","1.1458482238067"
"2016","Manipur","Pulses","22.997728015004","727.05236442686","89.767526268814","2.4731987382265"
"2017","Manipur","Rice","34.710421301717","1124.6872366332","61.620523932711","1.7684209295784"
"2017","Manipur","Maize","26.435052417228","851.78195758693","49.80772518204","6.1810869607864"
"2017","Manipur","Pulses","37.655280750061","745.24352527195","87.822571327035","6.8639078432147"
"2018","Manipur","Rice","38.178352275666","810.7549667357","74.107738533038","7.5503913043551"
"2018","Manipur","Maize","38.039287241371","878.54095914901","72.032706182492","9.527529012732"
"2018","Manipur","Pulses","37.768787935813","1391.390154824","82.934272012897","5.6064853757467"
"2019","Manipur","Rice","19.435614675204","1335.2393889494","81.846366548827","3.9382699284312"
"2019","Manipur","Maize","26.491889703564","1161.055469171","77.614807688162","1.8907417480962"
"2019","Manipur","Pulses","27.997183384025","1203.9177200688","74.971443691232","7.4158540229704"
"2020","Manipur","Rice","31.945317027413","1369.3876415593","56.471472497137","7.7394357131465"
"2020","Manipur","Maize","32.712494411617","1320.672211756","41.721031105812","8.2285588373103"
"2020","Manipur","Pulses","18.666563261406","1232.1630553646","85.234013390396","8.2647741876261"
"2021","Manipur","Rice","39.768692279316","1046.8254472478","35.120834507098","1.022740476818"
"2021","Manipur","Maize","24.993193446011","1180.7140454207","40.720150038572","6.4585812690775"
"2021","Manipur","Pulses","28.218488600001","726.35749307438","82.748437474926","5.4526445464519"
"2022","Manipur","Rice","22.584238742772","1197.3236382871","63.917836720274","9.1093966396561"
"2022","Manipur","Maize","22.385630710374","996.9161489425","45.945074710591","7.7923864378226"
"2022","Manipur","Pulses","37.554944122283","819.12316866916","52.415189205452","2.4196224488356"
"2023","Manipur","Rice","36.863375661676","909.77171546586","85.947343172987","8.8804774708799"
"2023","Manipur","Maize","38.652904593184","694.98853574186","66.509558237908","3.2385286502145"
"2023","Manipur","Pulses","37.943115783206","1404.4269701098","64.942978601169","1.7188374370953"
"2024","Manipur","Rice","24.123259780725","865.79424210291","81.89261678573","7.562979760434"
"2024","Manipur","Maize","39.634737900661","1223.3845629314","74.185031909151","7.012774815562"
"2024","Manipur","Pulses","36.585395410703","715.53226212932","75.876328615574","9.530260458841"
"2015","Meghalaya","Turmeric","16.145013179301","517.80817338532","32.308995237176","3.1184499175575"
"2015","Meghalaya","Rice","18.094202238064","766.03104822183","36.063199776053","3.5873231416451"
"2015","Meghalaya","Ginger","28.355760382705","898.54497088167","80.466220012472","6.6910642189273"
"2016","Meghalaya","Turmeric","19.259346267231","835.73340182861","66.332222407242","8.8900141655462"
"2016","Meghalaya","Rice","15.009669749392","1164.4124893838","80.004919398764","4.6211083926155"
"2016","Meghalaya","Ginger","27.052250452714","590.80688017632","41.280035766404","9.567591333374"
"2017","Meghalaya","Turmeric","38.38823899935","1013.0038903107","46.441648944813","2.025741782802"
"2017","Meghalaya","Rice","28.834996061187","615.12442181242","82.034565111053","4.8687467032833"
"2017","Meghalaya","Ginger","17.129777842683","947.37067984709","42.612233272533","4.7909966850587"
"2018","Meghalaya","Turmeric","18.162406701119","646.39268834492","58.010627303136","7.1322643612243"
"2018","Meghalaya","Rice","17.160012946659","866.01624447168","45.999993113493","7.0858030918601"
"2018","Meghalaya","Ginger","31.674137002882","1184.3748390128","56.494422897901","1.9115093932008"
"2019","Meghalaya","Turmeric","27.651816521226","1277.0531934129","39.109086892771","9.1223532151906"
"2019","Meghalaya","Rice","27.120150266344","1491.1981282259","70.716391135817","1.8308805798947"
"2019","Meghalaya","Ginger","23.394388040684","681.569069371","39.287795159285","2.3124954389024"
"2020","Meghalaya","Turmeric","36.5739857693","1132.4160524072","66.904912896821","2.3547168826222"
"2020","Meghalaya","Rice","17.746161941601","936.81127645651","32.176020048699","4.8621481046041"
"2020","Meghalaya","Ginger","31.436323959678","589.88708271476","42.923158699088","1.7547094242018"
"2021","Meghalaya","Turmeric","22.401991120813","1439.6117478439","83.291131967165","8.6409768771519"
"2021","Meghalaya","Rice","33.788985410854","1384.3458041509","68.401406555945","4.6969985067977"
"2021","Meghalaya","Ginger","35.452297759766","1190.899206293","80.001788326025","6.6536741891473"
"2022","Meghalaya","Turmeric","24.80987529475","690.60890495863","83.252318869694","3.0385183544997"
"2022","Meghalaya","Rice","30.755234300262","1489.3302654738","31.655390530189","9.3415308427298"
"2022","Meghalaya","Ginger","17.92485511981","704.78026140156","59.647952250514","1.1219738069377"
"2023","Meghalaya","Turmeric","31.397578030864","861.71337210821","76.373143608525","5.305260787611"
"2023","Meghalaya","Rice","17.325960601048","1201.5478104473","66.09527815408","9.3950497007542"
"2023","Meghalaya","Ginger","15.226710943298","648.92501688609","47.20613674342","1.6964455141704"
"2024","Meghalaya","Turmeric","31.402209534493","1251.4767691169","45.719010563617","9.5071181900227"
"2024","Meghalaya","Rice","27.789801076202","536.46469104471","45.351108934546","6.3889690093504"
"2024","Meghalaya","Ginger","21.218074710985","1389.2722446477","35.336408048193","1.4393906317227"
"2015","Mizoram","Orange","29.539663525987","1191.5123691657","82.829963924979","9.8570349530585"
"2015","Mizoram","Banana","33.052092065261","1448.3257017629","56.607748801997","9.1410763259492"
"2015","Mizoram","Rice","17.062568927753","665.90716564815","78.159440144027","5.2209875414735"
"2016","Mizoram","Orange","28.948416588284","537.20187805189","71.357389009603","7.9598824335047"
"2016","Mizoram","Banana","39.99937406296","1084.0301304363","65.914972795439","3.7677027846769"
"2016","Mizoram","Rice","32.665830580203","875.28153684195","33.534918963655","4.6538464300269"
"2017","Mizoram","Orange","25.952182833716","583.7354917547","78.392486582565","8.8199703643976"
"2017","Mizoram","Banana","17.459843476367","947.85428245024","81.975438481112","1.5248979348398"
"2017","Mizoram","Rice","17.916551710283","965.73103234932","42.767313347935","3.6962568459154"
"2018","Mizoram","Orange","38.770012252751","1433.9016987958","81.066590731866","9.2051661847025"
"2018","Mizoram","Banana","36.049124444124","822.34419903598","44.764081803967","5.9459898932346"
"2018","Mizoram","Rice","27.638056795015","892.35316052668","35.123818175487","6.1879586856944"
"2019","Mizoram","Orange","29.143706212143","523.02069608807","67.294302056211","3.7913038504435"
"2019","Mizoram","Banana","34.028196527738","784.38183068941","59.274896726342","6.7079997354797"
"2019","Mizoram","Rice","18.146844417077","598.70316064467","41.616638152934","7.270881096557"
"2020","Mizoram","Orange","16.874426125078","1015.2317374009","76.754421143711","8.717882732604"
"2020","Mizoram","Banana","28.977940588338","698.94629801604","72.051499685215","5.9399857954571"
"2020","Mizoram","Rice","24.418683769109","738.46256283798","31.35381766612","7.5846328413889"
"2021","Mizoram","Orange","34.862693594898","1237.3902328164","74.378759080072","1.0054411946091"
"2021","Mizoram","Banana","29.461403300523","1415.6344667015","65.580508917248","8.6787859356415"
"2021","Mizoram","Rice","16.267848133029","1205.6728079657","88.55106948806","5.7317303352063"
"2022","Mizoram","Orange","33.981098127531","1215.1805040864","53.714359220154","9.3403281501683"
"2022","Mizoram","Banana","21.431496492354","890.11099026617","77.431903194636","6.4928981051981"
"2022","Mizoram","Rice","33.964602404165","1465.2503089387","61.303526677977","9.5239745454643"
"2023","Mizoram","Orange","17.581503226465","1329.9247154517","56.006698826042","1.7672704782924"
"2023","Mizoram","Banana","38.867637654345","1304.8372112869","39.178419869016","8.1878126518474"
"2023","Mizoram","Rice","18.102419744758","1138.3848717019","67.624793932873","6.4649292571886"
"2024","Mizoram","Orange","32.490136496239","832.6929333417","40.305859567556","4.7186084005619"
"2024","Mizoram","Banana","29.198229793055","1111.5349398872","43.353491321935","1.9913465278682"
"2024","Mizoram","Rice","28.476473242479","943.47807676662","32.355906386285","6.5618140285597"
"2015","Nagaland","Rice","29.498229322139","983.66882853481","72.110010069856","6.7898166409812"
"2015","Nagaland","Maize","21.840635926679","1072.0398472378","69.194319158345","5.4132989681289"
"2015","Nagaland","Millet","29.80873397153","847.66814714543","74.59897149808","7.5914213908917"
"2016","Nagaland","Rice","29.98413018259","950.99859323048","58.148648547717","8.941176377941"
"2016","Nagaland","Maize","20.252176764068","817.54510380314","33.124570751666","7.1536630361505"
"2016","Nagaland","Millet","39.702243001793","771.53992357298","38.699971628738","5.3880671240919"
"2017","Nagaland","Rice","39.237879609761","1264.6354389208","55.863305301231","6.2361541550853"
"2017","Nagaland","Maize","30.519430523498","1200.0844665233","57.313560156327","8.4683257704782"
"2017","Nagaland","Millet","39.075677244637","796.89524552935","82.305785963084","3.7827956557975"
"2018","Nagaland","Rice","38.670647859381","1472.5853837155","81.150282192798","6.1503623329052"
"2018","Nagaland","Maize","32.118435679659","1167.3096122332","37.327352170103","4.7862535518758"
"2018","Nagaland","Millet","24.559823130561","829.50721379623","46.678657871041","4.5782550213408"
"2019","Nagaland","Rice","26.841065067444","1057.2644441377","44.493417182695","9.9132603718365"
"2019","Nagaland","Maize","27.080776036193","676.20855475087","68.185894943677","4.1985137179708"
"2019","Nagaland","Millet","26.840331330637","867.42111089082","39.091522433034","7.6540069666921"
"2020","Nagaland","Rice","21.28799411948","1242.8459706481","50.109128095921","3.5918855908976"
"2020","Nagaland","Maize","15.369492411987","1306.6794100533","58.532317845028","8.5359982801827"
"2020","Nagaland","Millet","24.740859697604","1126.4507047295","55.259465652266","6.6262805625762"
"2021","Nagaland","Rice","31.857820385134","1020.3296398239","67.37768601563","8.4235391539835"
"2021","Nagaland","Maize","23.324348126663","703.42158394852","44.325037994711","3.4189706043945"
"2021","Nagaland","Millet","29.879437873321","1153.4264147049","73.131837939642","6.4205991679913"
"2022","Nagaland","Rice","36.309943505035","806.3498162211","53.786548484246","3.764261158976"
"2022","Nagaland","Maize","26.025953833466","1269.0201955517","78.017998993604","2.2527942678598"
"2022","Nagaland","Millet","16.795582975944","1396.874929389","65.518777574427","2.6916964286283"
"2023","Nagaland","Rice","17.27128557999","738.98710165814","79.53787916116","7.8230716658924"
"2023","Nagaland","Maize","32.485876974544","537.34888335443","63.010485888035","2.0581186046675"
"2023","Nagaland","Millet","36.057743215483","1344.2854837158","39.029522842111","5.2717924185519"
"2024","Nagaland","Rice","39.535222968947","917.8422591587","85.625864285241","9.9634176453094"
"2024","Nagaland","Maize","30.886951537379","1332.2897375065","63.640139639005","2.4865021503972"
"2024","Nagaland","Millet","28.908612868249","617.41272436818","56.214557975831","9.3246473331832"
"2015","Odisha","Rice","28.182304514658","1379.4935155921","55.3007617873","4.7138597217614"
"2015","Odisha","Pulses","31.506331872827","1031.1555627984","31.707106618379","9.6912046192251"
"2015","Odisha","Cotton","26.029073394631","1247.3478758312","41.518952711591","4.5027349640024"
"2016","Odisha","Rice","15.390090792873","1113.8982180409","41.907326512929","3.6721260152469"
"2016","Odisha","Pulses","17.407395996629","939.82819927261","32.563734109554","5.2771359398889"
"2016","Odisha","Cotton","29.005548073632","641.67091153644","62.875977151056","3.5621543294014"
"2017","Odisha","Rice","23.185131920206","1427.725042114","69.23837352598","9.4302919645376"
"2017","Odisha","Pulses","15.093124009506","1275.8073615673","38.994991735466","4.1540515115405"
"2017","Odisha","Cotton","23.275147132315","837.34843853718","83.296851615843","9.988624081327"
"2018","Odisha","Rice","22.099714681179","773.88154717732","38.112058905568","9.6005469928527"
"2018","Odisha","Pulses","27.447571696048","693.88564747464","58.730082022197","1.1233356315461"
"2018","Odisha","Cotton","23.319018523341","1479.9824279443","50.786649307343","9.8438730692438"
"2019","Odisha","Rice","15.574469604647","948.12154670455","55.479153238295","4.1500094422645"
"2019","Odisha","Pulses","35.828318060086","954.22961049915","38.389779194548","5.2543782439632"
"2019","Odisha","Cotton","18.065348122603","1043.3494437284","69.210369603903","5.6361303797026"
"2020","Odisha","Rice","20.255324113444","1445.9776286597","54.829498134295","1.1697938509808"
"2020","Odisha","Pulses","16.569010790936","1338.1157985458","84.1241581262","8.37363113244"
"2020","Odisha","Cotton","21.635895334994","724.83482829463","89.781028161751","4.5136295705016"
"2021","Odisha","Rice","30.477239748102","1114.9861810124","36.863008212551","2.4187711143842"
"2021","Odisha","Pulses","29.503545860997","533.74885941462","46.074154775695","1.673957114451"
"2021","Odisha","Cotton","15.014353690153","634.45278016984","56.029676071955","9.6662897455693"
"2022","Odisha","Rice","27.652009294357","1178.8102164535","33.623514162642","3.2235392443931"
"2022","Odisha","Pulses","15.01291335272","795.17353590739","57.817140061877","4.9399270365859"
"2022","Odisha","Cotton","36.640725994517","864.97088452041","32.546704205459","8.0575310363653"
"2023","Odisha","Rice","37.972665667005","1043.5560300621","30.942100816482","8.0363526223931"
"2023","Odisha","Pulses","33.958326349305","1160.3330607456","69.490779599323","6.6491323343252"
"2023","Odisha","Cotton","33.448555786435","1301.9029105366","71.746379569016","5.6965885450763"
"2024","Odisha","Rice","22.72042655338","988.07370349014","56.972739870488","7.0902227314424"
"2024","Odisha","Pulses","30.897302343832","861.66977043354","33.215857010836","5.360700642374"
"2024","Odisha","Cotton","23.145369459763","880.71498877569","41.909845611034","3.1609719235351"
"2015","Punjab","Wheat","22.374622234551","917.26558512662","42.690033564282","8.650481210491"
"2015","Punjab","Rice","31.27485504342","840.21313392818","46.300734779688","7.8448534554496"
"2015","Punjab","Maize","37.033070654838","947.33298758119","80.523570301888","1.5978873178285"
"2016","Punjab","Wheat","20.441998510988","1386.8825926049","53.390007364888","7.0456298039506"
"2016","Punjab","Rice","25.966746696064","730.02286356384","36.348127699286","8.1408054621035"
"2016","Punjab","Maize","38.272559795486","844.84430899705","69.040844085071","3.0460675019197"
"2017","Punjab","Wheat","17.733622237551","797.45025691978","71.446279789655","7.2609226461722"
"2017","Punjab","Rice","16.257619662797","589.75768324183","67.986371278235","2.5370418980854"
"2017","Punjab","Maize","21.36343811058","536.72530678584","80.057322650952","1.9392295378348"
"2018","Punjab","Wheat","39.638627297697","842.95484260531","38.792395763327","7.1460227700297"
"2018","Punjab","Rice","16.3721432281","667.74893600479","39.355635642963","3.2357928051347"
"2018","Punjab","Maize","28.65868076255","527.64576609953","86.40806792761","1.0659804852005"
"2019","Punjab","Wheat","31.205241537392","1477.9536212787","35.672433314496","7.0398295963636"
"2019","Punjab","Rice","26.310181994272","1112.7371671823","89.011554975771","4.1807637646102"
"2019","Punjab","Maize","23.094880637795","852.4961100816","73.486797434544","2.8803788581522"
"2020","Punjab","Wheat","20.787008319875","1233.4821936561","61.364607533632","8.9593038823077"
"2020","Punjab","Rice","23.898889595482","693.179923766","34.739278425248","7.1354302684338"
"2020","Punjab","Maize","39.663693950579","564.47390683627","52.992032458301","8.3037252295096"
"2021","Punjab","Wheat","16.332371937365","1156.421433037","41.074317700899","6.6672762768903"
"2021","Punjab","Rice","30.314541707279","987.53381823643","58.297903467227","2.283620452368"
"2021","Punjab","Maize","19.449585592478","986.39489631756","47.104543892524","9.0310993682942"
"2022","Punjab","Wheat","33.274672544834","1130.9081606704","78.414462510637","6.6673501035053"
"2022","Punjab","Rice","22.630455757143","1065.2443536283","44.057528964204","4.5939034972041"
"2022","Punjab","Maize","35.806532734918","845.89224864865","32.441632401297","7.0077551923394"
"2023","Punjab","Wheat","28.261111334176","1032.6861882498","63.822750961055","5.9051263625274"
"2023","Punjab","Rice","21.594771555527","1450.8833290698","43.214634249816","8.6657513875123"
"2023","Punjab","Maize","26.243147223292","1326.5403738477","56.634856573726","1.1711552836303"
"2024","Punjab","Wheat","35.331982368726","1319.4889472288","68.965406505515","6.6003436206309"
"2024","Punjab","Rice","16.699678781513","1150.098802103","41.135976075613","4.6213019358714"
"2024","Punjab","Maize","39.265250294364","1267.622404907","82.033773506481","1.3753388334442"
"2015","Rajasthan","Bajra","26.727031578869","1038.3199671865","34.610960154192","9.1488691145388"
"2015","Rajasthan","Wheat","37.085129183477","1023.6624432566","36.990019607797","3.1168728056292"
"2015","Rajasthan","Maize","32.539628047298","711.20378685472","64.39338441404","7.5454326455755"
"2016","Rajasthan","Bajra","21.64633056801","1302.0389119035","40.633572348536","7.1504891809012"
"2016","Rajasthan","Wheat","38.759342505252","846.88658803628","36.016960570667","7.7335332194135"
"2016","Rajasthan","Maize","15.974823094163","635.78022191415","52.742447886396","8.4893420101191"
"2017","Rajasthan","Bajra","18.693128892585","862.96229728272","71.480819528957","9.5656857806682"
"2017","Rajasthan","Wheat","18.898430286634","953.65238170863","44.704834254881","1.1426938564146"
"2017","Rajasthan","Maize","32.24181403128","926.09749564399","89.144464665242","9.5504515760373"
"2018","Rajasthan","Bajra","39.427166394446","768.14406407971","80.300318183703","5.2440336884507"
"2018","Rajasthan","Wheat","24.993977864988","1295.3370635636","56.78921988473","7.5466552143085"
"2018","Rajasthan","Maize","31.338885242388","713.86529269849","45.65771478637","1.7690682579703"
"2019","Rajasthan","Bajra","30.107642068981","1329.3218247696","68.278055771439","1.6189692778247"
"2019","Rajasthan","Wheat","34.917935686952","1188.5895447195","74.785267876191","1.6889554703723"
"2019","Rajasthan","Maize","20.829304502231","1059.1920281193","42.518190872597","3.8638752934516"
"2020","Rajasthan","Bajra","39.401391518272","1402.5052969292","39.376241548454","5.1183064212913"
"2020","Rajasthan","Wheat","27.63349637272","571.16445612771","37.836968375849","2.7653978206175"
"2020","Rajasthan","Maize","22.072145468413","1352.4140650402","51.120168153914","7.740944363362"
"2021","Rajasthan","Bajra","15.763733148711","767.8869895888","46.692644854996","4.1382947992592"
"2021","Rajasthan","Wheat","25.007631805625","730.16285981844","37.27263506939","7.5153513093686"
"2021","Rajasthan","Maize","26.355449491287","906.06843568676","69.494338784545","3.6970629788747"
"2022","Rajasthan","Bajra","35.076446290781","1355.3728429701","35.46058056789","1.2522808732716"
"2022","Rajasthan","Wheat","37.871640744405","777.45806291296","41.912181245019","1.5165439680543"
"2022","Rajasthan","Maize","32.284846906351","847.45599322009","70.224819356489","6.8490112022324"
"2023","Rajasthan","Bajra","24.329016241583","1155.3706835987","70.833221882341","2.802575779799"
"2023","Rajasthan","Wheat","22.202417633643","1493.1885747844","67.495127411984","9.0868631058997"
"2023","Rajasthan","Maize","28.862272580543","1212.1855322064","76.883831910858","4.3845844259283"
"2024","Rajasthan","Bajra","20.473529651548","1299.0322856779","63.980780301553","9.5231957710852"
"2024","Rajasthan","Wheat","24.003278676493","1424.7060163334","62.153683908909","5.3865900435861"
"2024","Rajasthan","Maize","39.022296492289","747.44557776497","56.673377139685","3.3090296350868"
"2015","Sikkim","Cardamom","33.99833606129","629.01423079038","52.753524852916","6.9837816356277"
"2015","Sikkim","Orange","31.454029150611","1180.6198114053","32.963434429402","8.5988665003112"
"2015","Sikkim","Ginger","32.048429971527","1242.3458784494","53.185738853093","8.164522480883"
"2016","Sikkim","Cardamom","30.768606117531","1054.2669586193","53.303308141787","2.5163069875563"
"2016","Sikkim","Orange","38.826897220695","1113.8696219395","44.821888099542","5.9234420064072"
"2016","Sikkim","Ginger","27.484592755064","524.26731110266","87.342985158516","6.1317884616022"
"2017","Sikkim","Cardamom","16.478141116039","1344.7959586829","71.852503933749","6.7191539665046"
"2017","Sikkim","Orange","29.691447815104","1139.1424519376","43.223550708388","4.228629829508"
"2017","Sikkim","Ginger","18.058419258141","861.79196940081","57.942984938963","6.290966231462"
"2018","Sikkim","Cardamom","25.370543396206","857.08787401615","51.094760832881","8.4193229746655"
"2018","Sikkim","Orange","25.85083641811","819.61460673863","64.867256251309","4.4705254368258"
"2018","Sikkim","Ginger","17.135427923555","1172.4694425101","58.46197199556","2.8994735282557"
"2019","Sikkim","Cardamom","23.551182363621","954.87658441483","72.628735747254","9.2347149147832"
"2019","Sikkim","Orange","24.548299517161","551.77748489209","60.258014067869","3.5411671084207"
"2019","Sikkim","Ginger","29.816168774064","1146.0961268057","31.333929045187","6.1127248582931"
"2020","Sikkim","Cardamom","39.951162905723","734.52792051759","65.420920262447","4.5469144291317"
"2020","Sikkim","Orange","35.240381439745","1330.3793242823","45.682886923843","4.9861437048653"
"2020","Sikkim","Ginger","36.552193774103","655.99624298976","47.172291512832","6.3890753284018"
"2021","Sikkim","Cardamom","28.351279117945","1377.0676483458","64.997710503863","2.0900236126415"
"2021","Sikkim","Orange","25.453289940678","1347.7221835139","37.739039302601","3.0048581255289"
"2021","Sikkim","Ginger","29.922675807856","998.41529115218","81.963489645894","5.3708750263063"
"2022","Sikkim","Cardamom","18.835101284372","542.90135206237","50.055124931201","1.4430253365416"
"2022","Sikkim","Orange","37.370178025426","713.47663717506","82.484581669125","4.0709576021688"
"2022","Sikkim","Ginger","36.320657789768","1477.405834826","63.966321398906","7.3039786462874"
"2023","Sikkim","Cardamom","26.327781394679","1465.2652037517","89.771843569175","5.5937972260746"
"2023","Sikkim","Orange","17.216565070952","1351.5754534721","33.965477112829","4.5215969243375"
"2023","Sikkim","Ginger","22.048302574278","1096.6617300273","65.354005370852","3.9594495881614"
"2024","Sikkim","Cardamom","37.511297008668","559.64897394036","45.813672695274","1.903640890011"
"2024","Sikkim","Orange","15.941488254833","1123.8751636404","63.10352561037","5.9441832954958"
"2024","Sikkim","Ginger","15.86069337072","1273.9154104843","33.850434423228","8.0882846195162"
"2015","Tamil Nadu","Rice","15.802280332935","1434.2629045398","76.442838980434","5.3643128376254"
"2015","Tamil Nadu","Sugarcane","15.410058178753","787.47550125519","40.878197906295","1.2984627105507"
"2015","Tamil Nadu","Millet","25.079257831434","1443.1522403488","69.121835887918","5.6420927175625"
"2016","Tamil Nadu","Rice","22.463675845106","1423.1070431748","48.664893667272","6.3306431567391"
"2016","Tamil Nadu","Sugarcane","30.521760249135","1342.1725747993","38.125214309707","8.9591141350812"
"2016","Tamil Nadu","Millet","27.319513892936","1153.0663793978","64.269180467288","4.8511518679314"
"2017","Tamil Nadu","Rice","30.902153035915","888.83484396278","84.765860414018","4.5283079712609"
"2017","Tamil Nadu","Sugarcane","32.863645523419","1034.7785118389","54.494776655099","1.0190588041112"
"2017","Tamil Nadu","Millet","17.172304473244","1406.3221920081","74.221133507291","9.9022443684026"
"2018","Tamil Nadu","Rice","29.838710835207","1242.1450862521","84.351818084798","7.1792928608581"
"2018","Tamil Nadu","Sugarcane","26.380949624523","863.69596431229","76.184751268235","3.1104628371251"
"2018","Tamil Nadu","Millet","23.063111178676","1266.017299074","62.041427177659","9.0054436333266"
"2019","Tamil Nadu","Rice","29.55310481701","665.3043159449","81.724552813415","7.7162721850891"
"2019","Tamil Nadu","Sugarcane","33.586860544163","1380.9294391268","56.203805248663","8.5970289034356"
"2019","Tamil Nadu","Millet","24.357706948166","1349.4644399665","32.811143069133","8.5505248650023"
"2020","Tamil Nadu","Rice","38.574750000855","1047.4141943867","60.021083253189","2.6857277148277"
"2020","Tamil Nadu","Sugarcane","28.631909243242","802.82808970338","84.639067765519","9.5378758098227"
"2020","Tamil Nadu","Millet","30.602410476511","594.86873554081","71.332661635314","2.5395128983877"
"2021","Tamil Nadu","Rice","26.908993861392","1174.3581263808","88.7159161938","8.1816559077401"
"2021","Tamil Nadu","Sugarcane","29.353196731031","1171.8632211209","81.614261339641","5.4328100956294"
"2021","Tamil Nadu","Millet","30.897291211049","1103.7809127258","40.915652164888","5.3640189189971"
"2022","Tamil Nadu","Rice","39.525971500521","727.92862883476","33.356434887896","5.164064904974"
"2022","Tamil Nadu","Sugarcane","15.726806498507","638.14530160515","54.540331063377","2.6588273086957"
"2022","Tamil Nadu","Millet","27.155804916921","794.87254033557","88.134335224084","1.0808382621114"
"2023","Tamil Nadu","Rice","28.29926776104","826.50227124898","88.125677203635","3.2773858645989"
"2023","Tamil Nadu","Sugarcane","25.809199894893","1301.3093545145","74.973276356886","7.0269507314046"
"2023","Tamil Nadu","Millet","32.56147192845","1396.3444915803","78.512277692155","3.4321213738738"
"2024","Tamil Nadu","Rice","18.726652528947","1162.4412571618","89.001369448673","6.503727114631"
"2024","Tamil Nadu","Sugarcane","29.962818704488","958.86033985056","67.23150574482","5.3588952956076"
"2024","Tamil Nadu","Millet","17.11406144389","520.99811504674","31.530248220974","5.1643805027154"
"2015","Telangana","Cotton","22.444620009686","1408.6073478125","88.829732854128","3.368822765223"
"2015","Telangana","Rice","21.119645885049","607.82619125942","75.044889260213","3.8916554922856"
"2015","Telangana","Maize","16.952164711184","638.02518163447","44.869481770376","8.937796583829"
"2016","Telangana","Cotton","21.561216776008","1024.9491157872","65.591263500095","7.7323580952933"
"2016","Telangana","Rice","17.860860256651","640.90571020538","51.973057302219","7.8555209087574"
"2016","Telangana","Maize","37.034044963515","837.10413069304","63.624944902303","1.7180180045707"
"2017","Telangana","Cotton","35.309700592361","959.98878303693","56.94681701257","5.2337932334954"
"2017","Telangana","Rice","15.570098361163","575.73104226814","74.438992845708","9.438709745255"
"2017","Telangana","Maize","31.32108176959","716.07052201434","46.484615866191","2.2870230325968"
"2018","Telangana","Cotton","26.143307053535","757.81123500662","60.302095094686","1.216657082377"
"2018","Telangana","Rice","23.956808760899","1060.082772443","85.416204712009","8.1473392651538"
"2018","Telangana","Maize","28.624828755829","932.25665127253","43.327567893491","4.2683142655871"
"2019","Telangana","Cotton","17.323755565882","1396.3927277735","74.804818762515","4.7498460572285"
"2019","Telangana","Rice","37.710887551665","1073.6190631639","62.630194122337","7.3513914684293"
"2019","Telangana","Maize","31.250208271036","535.96021713341","47.043174363201","8.1102600656446"
"2020","Telangana","Cotton","37.680317189959","799.74109550767","60.969522849987","1.7580233314525"
"2020","Telangana","Rice","37.945994250828","980.19770207963","46.406221388849","1.1834627796119"
"2020","Telangana","Maize","39.795727384499","586.06678031756","61.372024034852","8.7167955478735"
"2021","Telangana","Cotton","35.710935939057","796.34883000442","57.804017017189","7.1663254481294"
"2021","Telangana","Rice","15.917140419524","674.24970682854","50.051057656906","9.096324358477"
"2021","Telangana","Maize","34.769474571398","1327.9472833067","48.349239919273","9.9323765493941"
"2022","Telangana","Cotton","39.718910324456","1089.4745943407","74.901901118175","1.0073933970307"
"2022","Telangana","Rice","26.51947373431","796.42957992688","78.845905517996","4.6075465577327"
"2022","Telangana","Maize","16.295975951892","1451.2349977946","73.601040375904","5.4768975533922"
"2023","Telangana","Cotton","27.70358337763","599.32690847749","85.492815144579","4.2002606992489"
"2023","Telangana","Rice","18.619133812395","1186.4928936943","66.419469963272","9.2611379546248"
"2023","Telangana","Maize","36.346677596445","624.51367035012","73.958998519437","5.4588908341365"
"2024","Telangana","Cotton","21.187847803381","519.55650185019","42.604698223323","2.7210523911123"
"2024","Telangana","Rice","24.323197981302","917.46329714278","89.366289799658","1.6848681604146"
"2024","Telangana","Maize","17.665195707679","1225.9307178195","71.093381055594","7.1473890487227"
"2015","Tripura","Rice","26.02705493012","1268.0456650704","89.148825668668","8.4063796061619"
"2015","Tripura","Tea","26.304123038805","512.47757354539","63.02691751565","9.6711356970324"
"2015","Tripura","Rubber","27.153245542855","1412.5715418337","51.57650066206","9.4124680092346"
"2016","Tripura","Rice","16.75541998958","590.93569961549","72.10396123579","3.7563499039368"
"2016","Tripura","Tea","27.43966072061","1181.3550318126","70.11891577842","4.4315633174965"
"2016","Tripura","Rubber","23.195857325758","911.12628106758","44.924449280753","3.9523883479376"
"2017","Tripura","Rice","29.659501826808","795.00193203957","84.130548505616","1.9464888409748"
"2017","Tripura","Tea","39.389367482056","972.64609739294","53.629565065877","9.5122817266552"
"2017","Tripura","Rubber","21.289303646156","922.3313207739","83.484854626046","9.3468216430247"
"2018","Tripura","Rice","20.473641932719","819.6439156739","31.033567377481","2.5005774987145"
"2018","Tripura","Tea","36.362365665249","1343.8305480868","55.127248259874","5.203454372872"
"2018","Tripura","Rubber","29.865753059883","1273.7684708867","72.729936546505","6.9136348042667"
"2019","Tripura","Rice","37.930867291175","1169.8535449487","52.78009492584","7.1871290681196"
"2019","Tripura","Tea","19.131191875054","1126.6964942321","52.676239709101","1.0650813092934"
"2019","Tripura","Rubber","21.908100112232","789.61358025538","89.916546992075","5.7314584609501"
"2020","Tripura","Rice","27.123180102789","610.28228479228","36.725443180337","9.0419462575708"
"2020","Tripura","Tea","36.57166651779","1167.0259442065","65.358567550418","8.6049479024016"
"2020","Tripura","Rubber","34.361426328447","747.64134115862","70.758030613804","2.3022567682292"
"2021","Tripura","Rice","28.857699676118","1314.9465552548","73.502070289643","2.5405763253329"
"2021","Tripura","Tea","28.785690653156","1314.3949155147","68.546567542181","2.9815108824908"
"2021","Tripura","Rubber","34.450152261499","998.02120536146","37.191775991612","7.8181104234637"
"2022","Tripura","Rice","24.571433331804","1374.0504272295","49.940056205428","6.5740786929103"
"2022","Tripura","Tea","34.277620314311","1026.3051219851","64.784416312187","1.1678695358807"
"2022","Tripura","Rubber","15.616914475018","1261.0103998083","51.409141202249","1.3147998275757"
"2023","Tripura","Rice","23.782073586916","723.38558532584","86.609352265645","8.6142342743543"
"2023","Tripura","Tea","30.425940509354","659.86888193151","49.97828439182","4.1082932273565"
"2023","Tripura","Rubber","37.287109660543","806.98065356154","30.974998315015","3.6637657120511"
"2024","Tripura","Rice","19.571483797256","646.4661115317","42.825297606408","9.9443825305141"
"2024","Tripura","Tea","22.420863935214","688.49593208525","87.056144789097","5.8710741343999"
"2024","Tripura","Rubber","38.087672915902","1317.0458049046","48.413050335542","5.184180050224"
"2015","Uttar Pradesh","Wheat","30.66614508192","571.76265356777","76.090872523253","9.8125562948555"
"2015","Uttar Pradesh","Rice","35.91183556348","1071.3841045363","83.969541594897","9.426227390046"
"2015","Uttar Pradesh","Sugarcane","31.313747365821","880.18883867059","54.811438349239","2.3942462059633"
"2016","Uttar Pradesh","Wheat","38.116162904134","555.14084759145","51.186295903856","1.305182734411"
"2016","Uttar Pradesh","Rice","39.97676529455","1178.3976356223","58.687149260104","2.1492369215079"
"2016","Uttar Pradesh","Sugarcane","39.867240572194","605.02991217001","67.364666227305","8.9646142440202"
"2017","Uttar Pradesh","Wheat","24.244898291576","876.54573492289","41.164325377484","1.7364757179638"
"2017","Uttar Pradesh","Rice","36.331368200049","1000.6938579399","55.017337779631","3.7368042715076"
"2017","Uttar Pradesh","Sugarcane","24.769153831589","653.4023925556","39.377864286871","3.8065441340523"
"2018","Uttar Pradesh","Wheat","35.906140128585","729.91188715155","64.692474595396","4.8444439937525"
"2018","Uttar Pradesh","Rice","17.921660823512","865.20352098889","41.114597716073","5.8189011425395"
"2018","Uttar Pradesh","Sugarcane","35.432190905382","1292.6358943477","49.027508616529","7.5260299436704"
"2019","Uttar Pradesh","Wheat","18.264524349554","1418.0864251049","87.967876417575","2.8097239483229"
"2019","Uttar Pradesh","Rice","37.44136686892","908.06347601623","31.813877306302","4.472294373181"
"2019","Uttar Pradesh","Sugarcane","23.17665130343","1155.8449846827","53.488316333338","7.9478495261492"
"2020","Uttar Pradesh","Wheat","25.239411678587","827.6439313517","81.024965266496","7.6162949079973"
"2020","Uttar Pradesh","Rice","21.98421819386","539.71453250828","37.926739073561","4.6798123054282"
"2020","Uttar Pradesh","Sugarcane","15.016325922542","1186.603387144","60.915299003246","6.5529848916016"
"2021","Uttar Pradesh","Wheat","29.090095705727","1372.1647284625","65.443253662159","3.4511450056009"
"2021","Uttar Pradesh","Rice","19.048657669965","1286.7288939735","79.297081580268","6.373102669412"
"2021","Uttar Pradesh","Sugarcane","27.69653950709","700.9102914716","66.521222756045","6.4826705574556"
"2022","Uttar Pradesh","Wheat","18.998855780377","1284.040636883","76.379119627741","6.90365526732"
"2022","Uttar Pradesh","Rice","30.209608695922","965.01799436546","62.111276555003","2.0701225760574"
"2022","Uttar Pradesh","Sugarcane","27.621481265519","888.94172687921","56.028168307578","4.8959359720508"
"2023","Uttar Pradesh","Wheat","19.109952679534","1202.7317445311","47.914421686332","7.2427843704839"
"2023","Uttar Pradesh","Rice","24.565343653289","1282.4498508781","45.771436685399","4.3558568187583"
"2023","Uttar Pradesh","Sugarcane","36.967547027543","912.18580572568","84.090862780387","4.7287659021751"
"2024","Uttar Pradesh","Wheat","27.889712294893","1268.2550616825","47.9470242556","4.0308018297615"
"2024","Uttar Pradesh","Rice","26.228138883062","512.92802396862","36.003720696324","5.1393840977089"
"2024","Uttar Pradesh","Sugarcane","31.999022811647","1385.400861198","68.476115575327","7.6242775537493"
"2015","Uttarakhand","Wheat","37.473131078705","906.96718396863","88.70445535546","3.5716156561107"
"2015","Uttarakhand","Rice","30.208961524857","890.06992144456","74.79160784991","4.1225818684522"
"2015","Uttarakhand","Pulses","32.054597193473","628.23126804392","89.664456504435","8.1133008100779"
"2016","Uttarakhand","Wheat","32.891541137481","816.65594851336","52.37350765408","8.4100563765614"
"2016","Uttarakhand","Rice","34.062082559618","723.15293076324","77.140077692297","7.4060429713918"
"2016","Uttarakhand","Pulses","27.170550584397","824.33854700541","76.972103351396","3.1403394747155"
"2017","Uttarakhand","Wheat","27.63724120121","1137.2051825778","47.718810554916","7.9220571084334"
"2017","Uttarakhand","Rice","32.766023741056","720.59660908452","38.110886172063","6.4190625666328"
"2017","Uttarakhand","Pulses","27.072122591114","1372.0699745298","43.016436930971","2.4398070312902"
"2018","Uttarakhand","Wheat","30.686730469769","712.99690852179","76.422506452369","4.7606988344619"
"2018","Uttarakhand","Rice","26.158721309771","809.73061454242","68.085547783831","8.28045571284"
"2018","Uttarakhand","Pulses","16.866482580955","1105.8154410178","88.57018250835","1.6106776114707"
"2019","Uttarakhand","Wheat","19.402770094947","1209.3550060527","44.352647222646","4.2711615800183"
"2019","Uttarakhand","Rice","37.341732297755","827.75030067618","54.205299174244","4.7206158048239"
"2019","Uttarakhand","Pulses","22.304176312257","527.49022434432","66.11449286587","3.9545989000105"
"2020","Uttarakhand","Wheat","15.270165042223","1420.7388631525","84.296645053473","9.2034123711323"
"2020","Uttarakhand","Rice","20.15873302244","653.78626098224","62.408643576162","9.1762330917339"
"2020","Uttarakhand","Pulses","21.831138304491","931.11140825392","41.679988766502","4.8400209450795"
"2021","Uttarakhand","Wheat","18.287906553818","766.11568331734","60.272721560714","8.4774389550558"
"2021","Uttarakhand","Rice","34.441938554759","1147.6272042891","70.479175350336","5.0024339943748"
"2021","Uttarakhand","Pulses","15.19676806774","1273.1552523137","65.157627227571","5.2668271284011"
"2022","Uttarakhand","Wheat","17.583322352773","1221.4564084512","44.660071817327","1.7397454303168"
"2022","Uttarakhand","Rice","30.746020911998","544.14192470391","57.084419068676","4.1951057259432"
"2022","Uttarakhand","Pulses","37.900650702614","723.90932264002","87.879272098609","8.032833380386"
"2023","Uttarakhand","Wheat","32.924431114663","1423.9876425508","48.495655291391","8.0806307321485"
"2023","Uttarakhand","Rice","17.465379442668","754.62934204548","41.316160713805","8.6427775612034"
"2023","Uttarakhand","Pulses","20.46580685873","1116.8082025042","60.020699780575","9.4337241007115"
"2024","Uttarakhand","Wheat","17.735190728795","946.8316450026","64.97384880124","5.2673849920477"
"2024","Uttarakhand","Rice","17.074081661122","1222.1056318222","34.152897770288","5.1760859078584"
"2024","Uttarakhand","Pulses","34.352505306988","1467.3390314124","42.349808242896","3.7311700557031"
"2015","West Bengal","Rice","32.625679819146","515.83077917423","82.989558272173","6.3854853321305"
"2015","West Bengal","Jute","28.420213669971","1246.3322202595","70.719247769666","1.1785187424307"
"2015","West Bengal","Tea","31.948883297127","973.71338324832","61.00687203001","5.9649995017144"
"2016","West Bengal","Rice","16.498363642967","778.77509622566","86.828533683201","8.0319202354412"
"2016","West Bengal","Jute","39.197367643232","890.2077804704","49.345344720078","9.0215865282395"
"2016","West Bengal","Tea","29.346541764626","913.29755663799","42.311272924599","5.622767606977"
"2017","West Bengal","Rice","27.681709072164","1401.3717362292","30.223896611245","7.0431193079648"
"2017","West Bengal","Jute","33.802161284145","908.99568492292","87.129070142451","1.1208454046465"
"2017","West Bengal","Tea","16.547249309414","528.18029431046","50.835443541164","8.8215613034326"
"2018","West Bengal","Rice","18.265267599721","1270.4835477088","82.582665073461","1.6951768708575"
"2018","West Bengal","Jute","31.915152146372","539.83115264256","77.493800355203","3.1207966102845"
"2018","West Bengal","Tea","20.111731394475","1002.8743974616","71.62619825677","3.0190008237635"
"2019","West Bengal","Rice","17.443913261932","1014.0417475327","77.022060043835","4.6782907002456"
"2019","West Bengal","Jute","23.682027322368","1009.2790508027","39.711384167365","1.264174275594"
"2019","West Bengal","Tea","35.188169182876","1113.8628806209","42.642683745559","2.2313276625588"
"2020","West Bengal","Rice","30.437120823756","1221.0392115218","75.855181344039","7.2030781275536"
"2020","West Bengal","Jute","22.342125696142","1212.7397271208","33.979282413244","5.2873732654882"
"2020","West Bengal","Tea","18.394096232391","1496.9988654124","82.749627350156","6.1565998912094"
"2021","West Bengal","Rice","31.096644189346","748.87803907627","36.977823712327","5.1389236325699"
"2021","West Bengal","Jute","18.709639031113","1324.7525580989","59.847145631766","4.8634982915571"
"2021","West Bengal","Tea","22.728983515845","1015.5130524568","35.57929260326","3.4902920358814"
"2022","West Bengal","Rice","36.914367310134","1004.2480450256","68.265718107865","3.9221100630332"
"2022","West Bengal","Jute","34.149581639238","938.24573029464","43.63400794987","1.6615522541537"
"2022","West Bengal","Tea","38.765921641699","1274.7264281152","71.360004338478","1.3251090819098"
"2023","West Bengal","Rice","17.358819089803","561.2443719794","32.695745880063","7.3585471276515"
"2023","West Bengal","Jute","24.409826828032","1319.3696911547","72.953900269635","4.2127014989115"
"2023","West Bengal","Tea","29.307672814335","1283.2339430683","78.63250993018","3.033639245481"
"2024","West Bengal","Rice","37.735923392929","505.91844769967","39.982689759531","8.1276765848353"
"2024","West Bengal","Jute","32.02533826202","1230.1574411349","77.668991800418","8.2365083926374"
"2024","West Bengal","Tea","21.710803283823","1144.9152215619","33.446622857554","2.9013491600749"
